,Name,Strain,Url,Description,Price,Strain_type,Terpenes
0,,Balance,https://www.ocs.ca/products/balance-solei,"Balance from Solei is available pre-rolled and in many dried flower weights. Its dark green buds are sun-grown in a greenhouse and harvested at optimal times to ensure its signature spicy flavour, which comes from the peppery beta-caryophyllene in the strain’s terpene profile. This hybrid has very mild THC potency.
",9.06,Indica dominant,"Myrcene,Beta-Caryophyllene,Limonene,Beta-Pinene,Linalool"
1,God Bud,God Bud,https://www.ocs.ca/products/god-bud-redecan,"God Bud from Redecan has resin-coated buds with an herbal, musky flavour combined with tropical fruit and undertones of berry, lavender and pine. The odour can be described as tropical, earthy and citrusy (a result of the caryophyllene-rich terpene profile). This green-and-white-coloured strain with medium THC potency is greenhouse-grown in pesticide-free natural lighting conditions, and then hang-dried, hand-trimmed, sterilized and inspected. It’s available in 1 g, 3.5 g, 7 g and 15 g dried flower sizes.

",9.09,Hybrid,"Beta-Caryophyllene,Trans-Caryophyllene,Humulene,Myrcene,Limonene"
2,Alien Dawg,Alien Dawg,https://www.ocs.ca/products/alien-dawg,"An indica-dominant hybrid strain from Northern California and Afghani roots, Alien Dawg by Canaca is greenhouse grown in London, Ont. It has a sour aroma, but features a light, bitter taste with earthy, woodsy notes of sweetness. This strain has desirable colours of green, orange and purple bud, and medium THC potency. It's available in various sizes of dried flower and pre-rolls.
",9.25,Indica dominant,"Humulene,Limonene,Trans-Caryophyllene"
3,MK Ultra,Dreamweaver,https://www.ocs.ca/products/dream-weaver,"Grown indoors in Paris, Ont., Dreamweaver is an indica strain that is comparable to MK Ultra. Its THC potency is medium, its aroma has been described as earthy and strong, and its flavour combines piney woods with hints of spice and vibrant citrus, thanks to the myrcene, humulene, nerolidol and limonene in its terpene profile. Dreamweaver’s dense green buds are covered in bright orange pistils, and it’s available for purchase in dried flower form only.
",9.25,Indica dominant,"Nerolidol,Humulene,Limonene,Myrcene"
4,CBD Kush,No. 301 Napali CBD,https://www.ocs.ca/products/napali-cbd,"Haven St. grows and harvests No. 301 Napali CBD indoors as an irradiated whole flower, then hand-trims and hang-dries the green and yellow buds. The alpha-pinene and limonene in its terpene profile give it its sweet, citrusy flavour and fresh herb notes. Napali has a CBD to THC ratio of 2:1 which caters to those who are looking for a CBD-dominant strain with mild THC potency. Available in a variety of dried flower and pre-rolled formats.",11.2,Hybrid,"Alpha-Pinene,Beta-Caryophyllene,Beta-Pinene,Limonene,Ocimene"
5,Pakistani Chitral Kush,Purple Chitral,https://www.ocs.ca/products/purple-chitral-woodstock,"Woodstock Purple Chitral has medium THC potency. The green buds on this indoor-grown indica-dominant strain are hand-trimmed and hang-dried, and its robust terpene mix includes myrcene, alpha- and beta-pinene, and guaiol. It’s available in a 3.5 g dried flower size.

",12.65,Indica dominant,"Myrcene,Beta-Pinene,Alpha-Pinene,Guaiol"
6,Banana Split,Banana Split,https://www.ocs.ca/products/banana-split,"Banana Split is an indica-dominant hybrid greenhouse-grown hybrid strain with medium THC potency. Its beta-pinene, terpinolene, linalool and limonene terpene profile produces hints of sour fruitiness and ripe tropical bananas. This hybrid is machine-trimmed, hand-inspected and free from pesticides and gamma irradiation. It’s available in 1 g, 3.5 g, 7 g and 15 g dried flower varieties.
",11.42,Hybrid,"Beta-Pinene,Limonene,Linalool,Terpinolene"
7,Spoetnik #1,Red,https://www.ocs.ca/products/red,"Grown indoors and long-cured in Napanee, Ont., Fireside Red is a hybrid flower strain that is comparable to Spoetnik. It has medium THC potency and a robust terpene profile that includes myrcene and terpineol for an earthy aroma. Fireside Red is available in dried flower and pre-roll formats.
",13.15,Hybrid,"Myrcene,Terpineol,Beta-Caryophyllene"
8,,Sativa,https://www.ocs.ca/products/sativa,"This greenhouse-grown sativa-dominant hybrid strain has very strong THC potency. Its buds stand out for their purple hue, and they’re complemented by a sweet, earthy scent produced by the myrcene, alpha-pinene and beta-caryophyllene in its terpene profile. It’s available in various dried flower sizes.",8.1,Sativa dominant,"Alpha-Pinene,Alpha-Santalene,Beta-Caryophyllene,Myrcene,Selinadienes"
9,Candyland,Houndstooth,https://www.ocs.ca/products/houndstooth,"Greenhouse-grown Houndstooth from Tweed is a sativa-dominant strain with medium THC potency. Its buds have a purple hue and a complex aroma created by a terpene profile that includes myrcene (earthy), beta-caryophyllene (clove-like) and alpha-pinene (piney). It’s available in various dried flower sizes, capsules and pre-rolls.
",10.05,Sativa dominant,"Alpha-Pinene,Alpha-Santalene,Beta-Caryophyllene,Myrcene,Selinadienes"
10,Cold Creek Kush,Cold Creek Kush,https://www.ocs.ca/products/cold-creek-kush-1,"Cold Creek Kush from Seven Oaks is an indica-dominant indoor-grown hybrid strain with medium THC potency. Piney and sour, it has a fresh taste, and its terpene mix includes beta- and trans-caryophyllene, humulene and nerolidol. It's available in 1 g and 3.5 g dried flower sizes.
",13.4,Hybrid,"Beta-Caryophyllene,Trans-Caryophyllene,Humulene,Nerolidol,Limonene"
11,Quantum Kush,Super Sonic,https://www.ocs.ca/products/super-sonic-symbl,"Super Sonic from Symbl is an indoor-grown sativa with fairly dense olive green buds with flecks of rusty red and a coating of frosty trichomes. Unlike most Kush breeds (which are indicas), this Quantum Kush–like strain is a sativa-dominant hybrid and has a strong THC potency. Super Sonic has a tropical taste and a complex and strong earthy yet sweet aroma. It’s available in various dried flower sizes.",10.25,Sativa dominant,"Myrcene,Limonene,Humulene,Nerolidol"
12,Sour Kush,Solar Power,https://www.ocs.ca/products/solar-power-symbl,"Solar Power by Symbl is a Sour Kush–like strain grown indoors in Paris, Ont., that’s known for its dense green and yellow buds. This true hybrid smells of lemon and pine, with a taste that includes tangy citrus, earthy wood and hints of diesel, all created by a terpene profile that includes beta-pinene and limonene. It has very strong THC potency and is available in various dried flower sizes.",10.25,Hybrid,"Beta-Pinene,Limonene,Nerolidol,Linalool"
13,Ultra Sour,Ultra Sour,https://www.ocs.ca/products/ultra-sour,"Ultra Sour from Seven Oaks is a tart indica-dominant strain with very strong THC potency. Its terpinolene-rich terpene profile gives it a pine and diesel smell, and its buds are deep green with rusty orange pistils. Ultra Sour is available in 1 g and 3.5 g dried flower sizes.
",12.75,Indica dominant,"Beta-Caryophyllene,Terpinolene,Trans-Caryophyllene,Humulene,Limonene"
14,Tangerine Dream,Tangerine Dream,https://www.ocs.ca/products/tangerine-dream-san-rafael-71,"San Rafael '71’s Tangerine Dream is a sativa-dominant strain with deep purple buds that is grown, hand-trimmed and hang-dried. Its robust citrus aroma is created by a diverse terpene profile highlighted by myrcene, which is also found in lemon grass. It has strong THC potency and is available in 1 g, 3.5 g and 7 g dried flower varieties.
",12.25,Sativa dominant,"Myrcene,Beta-Pinene,Alpha-Pinene,Guaiol"
15,,Gems,https://www.ocs.ca/products/gems,"Gems is a trichome-rich sativa-dominant flower with medium to high THC potency. Grown in Up’s Great Emerald Hall greenhouse in Niagara, Gems is hand-sorted and hand-finished to preserve the integrity of its trichomes. This strain features buds that are blanketed with white, crystal-capped trichomes and vibrant orange hairs. Dominant terpenes like Nerolidol (also found in jasmine), Beta Caryophyllene (cloves) and Alpha Pinene (pine trees) give Gems its distinct aroma, which is best described as pungent with fruity and peppery notes. Gems’ is available as 1 g and 3.5 g of dried flower.",11.38,Hybrid,"Alpha-Pinene,Beta-Caryophyllene,Nerolidol"
16,White Widow,White Widow,https://www.ocs.ca/products/white-widow,"7Acres’ White Widow is a hybrid that has the Widow’s classic aromatic profile (woodsy and piney from the terpinolene and alpha-pinene terpenes) and visual properties (dense flowers with a coating of white trichomes that give it its name). It’s grown indoors and sun-enriched to improve its dense flower structure, and then slow-dried, artisan-cured and hand-polished. White Widow has strong THC potency and comes in four sizes: 1 g, 3.5 g, 7 g and 15 g.",10.09,Hybrid,"Myrcene,Alpha-Pinene,Terpinolene,Beta-Caryophyllene,Limonene"
17,,Harmonic,https://www.ocs.ca/products/harmonic-alta-vie,"Harmonic from AltaVie is a sativa-dominant strain with significant CBD levels for balance and mild THC potency. Its green buds are grown indoors, hand-trimmed and hang-dried indoors, and the myrcene in its terpene mix is responsible for the earthiness in its taste and aroma. AltaVie offers it as capsules (30 per bottle), as well as in 1 g, 3.5 g and 7 g dried flower varieties.
",13.18,Sativa dominant,"Myrcene,Alpha-Pinene,Beta-Pinene,Limonene"
18,,Airplane Mode,https://www.ocs.ca/products/airplane-mode,"Airplane Mode from AltaVie is hand-trimmed and hang-dried. This indoor-grown indica-dominant strain has medium THC potency and a woody and earthy aroma created by the myrcene, beta-pinene and terpinolene in its terpene mix. It’s available in 1 g, 3.5 g and 7 g dried flower varieties.
",13.13,Indica dominant,"Myrcene,Beta-Pinene,Terpinolene,Beta-Caryophyllene"
19,,50,https://www.ocs.ca/products/50,"A classic hybrid, 50 is indica-dominant and offers a medium THC potency. 50's large, dense buds are coated in silvery-white trichomes. Grown in Up’s Great Emerald Hall greenhouse in Niagara, this hand-sorted and hand-finished strain's flower is emerald green with purple hues. Terpenes like Myrcene (also found in mango), Beta Pinene (nutmeg) and Alpha Pinene (pine trees) give 50 an earthy wood taste and a sour lemon scent with pine undertones. 50 is available as 1 g and 3.5 g of dried flower.",11.38,Hybrid,"Myrcene,Alpha-Pinene,Beta-Pinene"
20,,Campfire,https://www.ocs.ca/products/campfire,"Campfire from AltaVie is a hybrid strain that is grown, hand-trimmed and hang-dried indoors. Its terpene profile, consisting of myrcene, alpha- and beta-pinene, and guaiol, is what gives it its unique floral aroma. It has very mild THC potency and is available in 1 g, 3.5 g and 7 g dried flower varieties.
",13.13,Hybrid,"Myrcene,Alpha-Pinene,Beta-Pinene,Guaiol"
21,Jack Herer,Gather,https://www.ocs.ca/products/gather,"Sun-grown in an eco-friendly greenhouse, Gather has medium THC potency and a musky aroma. The strain’s buds are a vibrant green, and the myrcene and beta-pinene mix of its terpene profile give it an unmistakable muskiness. It’s available pre-rolled and in several dried flower weights.
",9.56,Sativa dominant,"Myrcene,Alpha-Pinene,Beta-Caryophyllene,Beta-Pinene,Limonene"
22,,La Strada,https://www.ocs.ca/products/la-strada,"Sativa-dominant La Strada from Edison is an indoor-grown and machine-trimmed strain with robust, dense, trichome-frosted green and orange flowers, a tangy, tart aroma and notes of freshly picked field berries created by the myrcene in its terpene mix. It has medium THC potency and is available in four dried flower weights: 1 g, 3.5 g, 7 g and 15 g. All Organigram products are individually packaged with Integra Boost technology, which preserves freshness and controls relative humidity levels, therefore extending the products’ shelf life.
",9.96,Sativa dominant,"Myrcene,Alpha-Pinene,Humulene,Limonene"
23,Northern Lights,Northern Lights,https://www.ocs.ca/products/northern-lights-moc,"Royal High’s Northern Lights is a pure indica. It’s grown indoors on Vancouver Island with mother plants from imported seeds, and its honeydew melon flavour comes from the trans- and beta-caryophyllene, limonene, bisabolol and guaiol combination in its terpene profile. Northern Lights has medium THC potency and is available as dried flower in 1 g, 3.5 g and 7 g weights.
",15.36,Indica dominant,"Beta-Caryophyllene,Trans-Caryophyllene,Limonene,Bisabolol,Guaiol"
24,Wabanaki,Rio Bravo,https://www.ocs.ca/products/rio-bravo,"Sativa-dominant Rio Bravo from Edison is an indoor-grown and machine-trimmed strain featuring compact flowers laced with bright crimson pistils, and woodsy, spicy and sweet aromas from the terpinolene and myrcene in its terpene mix. It has strong THC potency and is available in four dried flower weights: 1 g, 3.5 g, 7 g and 15 g. All Organigram products are individually packaged with Integra Boost technology, which preserves freshness and controls relative humidity levels, therefore extending the products’ shelf life.
",9.46,Sativa dominant,"Terpinolene,Myrcene,Alpha-Pinene,Beta-Pinene"
25,OG Kush,Serious Kush,https://www.ocs.ca/products/serious-kush,"Serious Kush from Royal High is grown indoors on Vancouver Island with mother plants from imported seeds. This indica-dominant strain has medium THC potency, an earthy profile and a subtle, spicy finish. Its terpene mix includes alpha-pinene, beta-caryophyllene, humulene, limonene and myrcene, and it's available as dried flower in 1 g, 3.5 g and 7 g weights.
",15.36,Indica dominant,"Alpha-Pinene,Beta-Caryophyllene,Humulene,Limonene,Myrcene"
26,La Blanca,Casablanca,https://www.ocs.ca/products/casablanca-edison,"Indica-dominant Casablanca from Edison is a bold indoor-grown and machine-trimmed strain featuring plush, rich forest green flowers with hints of orange, tightly woven buds and an earthy, fresh aroma from the alpha-pinene and myrcene in its terpene mix. It has strong THC potency and is available in four dried flower weights: 1 g, 3.5 g, 7 g and 15 g. All Organigram products are individually packaged with Integra Boost technology, which preserves freshness and controls relative humidity levels, therefore extending the products’ shelf life.
",9.96,Indica dominant,"Myrcene,Alpha-Pinene,Limonene,Beta-Pinene"
27,Super Skunk,Super Skunk,https://www.ocs.ca/products/super-skunk,"Royal High’s Super Skunk is an indica-dominant hybrid strain with medium THC potency. The floral profile and delicate cream undertones in its taste come from a terpene combination of beta- and trans-caryophyllene, myrcene, alpha-pinene and humulene. It’s grown indoors on Vancouver Island and available as dried flower in 1 g, 3.5 g and 7 g weights.
",15.36,Indica dominant,"Beta-Caryophyllene,Trans-Caryophyllene,Myrcene,Alpha-Pinene,Humulene"
28,Critical Kush,City Lights,https://www.ocs.ca/products/city-lights,"Indica-dominant City Lights from Edison is a bold indoor-grown strain recognized by its lush bud structure and vibrant jade colour. Its freshness, earthiness and sweetness come from the myrcene and humulene in its terpene mix. It has very strong THC potency and is available in four dried flower weights: 1 g, 3.5 g, 7 g and 15 g. All Organigram products are individually packaged with Integra Boost technology, which preserves freshness and controls relative humidity levels, therefore extending the products’ shelf life.
",9.96,Indica dominant,"Humulene,Myrcene,Limonene,Linalool"
29,,M. Great White Shark,https://www.ocs.ca/products/great-white-shark-2,"M. Great White Shark from Royal High is an indoor-grown indica-dominant strain from Vancouver Island. It has strong THC potency and features a full-bodied flavour with skunky notes. The terpene profile of this strain includes myrcene, caryophyllene, pinene and humulene, and it’s grown with mother plants from imported seeds. M. Great White Shark is available as dried flower in 1 g, 3.5 g and 7 g weights.
",15.36,Indica dominant,"Myrcene,Beta-Caryophyllene,Trans-Caryophyllene,Alpha-Pinene,Humulene"
30,,Great White Shark,https://www.ocs.ca/products/great-white-shark,"Great White Shark from Royal High is an indoor-grown indica-dominant strain from Vancouver Island. It has a floral taste with a skunky profile derived from Super Skunk, Brazilian and South Indian genetics. It has medium THC potency, and its terpene profile features beta- and trans-caryophyllene, myrcene, alpha-pinene and humulene. Great White Shark is available as dried flower in 1 g, 3.5 g and 7 g weights.",15.36,Indica dominant,"Beta-Caryophyllene,Trans-Caryophyllene,Myrcene,Alpha-Pinene,Humulene"
31,,Cabaret,https://www.ocs.ca/products/cabaret,"Cabaret from Alta Vie is a sativa-dominant strain with a sweet aroma and hints of grapefruit, and very strong THC potency. It is grown, hand-trimmed and hang-dried indoors, and has a terpene mix that includes terpinolene for fruitiness. It’s available in 1 g, 3.5 g and 7 g dried flower varieties.
",13.18,Sativa dominant,"Myrcene,Beta-Pinene,Terpinolene,Beta-Caryophyllene"
32,,Balanced,https://www.ocs.ca/products/balanced,"This indica-dominant hybrid strain from Plain Packaging is greenhouse-grown and has very mild THC potency. Its green buds are accented by orange hairs, and its myrcene terpene profile (which is also present in hops and thyme) produces an earthy, clove-like aroma. It’s available in various dried flower sizes.
",7.69,Hybrid,"Alpha-Pinene,Eudesmols,Guaiol,Myrcene,TrimethylPentanediol"
33,,Balanced Milled,https://www.ocs.ca/products/balanced-milled,"Plain Packaging’s milled indica-dominant hybrid strain is greenhouse-grown and has very mild THC potency. This conveniently pre-ground flower is accented by orange hairs, and its myrcene terpene profile (which is also present in hops and thyme) produces an earthy, clove-like aroma. It’s available in various dried flower sizes.",8.1,Hybrid,"Alpha-Pinene,Eudesmols,Guaiol,Myrcene,TrimethylPentanediol"
34,Cold Creek Kush,Cold Creek Kush,https://www.ocs.ca/products/cold-creek-kush,"Vertical hand-trims and hang-dries its Cold Creek Kush. The indica-dominant indoor-grown strain’s terpene profile (beta-pinene, nerolidol, beta-caryophyllene) gives it an herbal, earthy, piney, woodsy taste. It has strong THC potency and is available in 1 g, 3.5 g and 7 g dried flower sizes.
",11.66,Indica dominant,"Beta-Pinene,Nerolidol,Beta-Caryophyllene,Trans-Caryophyllene"
35,Delahaze,BC Delahaze,https://www.ocs.ca/products/bc-delahaze,"Mango and citrus notes provide a sweet overtone to the earthy, spicy aromas in this hand-trimmed, hang-dried BC Delahaze from Flowr. It’s a sativa-dominant green and orange strain with very strong THC potency and a terpene profile that includes alpha-pinene, myrcene, trans-caryophyllene, terpinene and nerolidol. It’s available pre-rolled and in 3.5 g and 7 g dried flower sizes.",15.65,Sativa dominant,"Alpha-Pinene,Myrcene,Terpinene,Trans-Caryophyllene,Nerolidol"
36,Ice Cream,Ace Valley Sativa,https://www.ocs.ca/products/ace-valley-sativa,"Earthy and fruity Ace Valley Sativa is a sativa-dominant purple and orange hybrid from Flowr with very strong THC potency. It’s hand-trimmed and hang-dried indoors, and has a terpene profile that includes beta- and trans-caryophyllene, limonene and humulene. It’s available in 3.5 g and 7 g dried flower sizes.
",13.03,Sativa dominant,"Beta-Caryophyllene,Trans-Caryophyllene,Limonene,Ocimene,Humulene"
37,,Go,https://www.ocs.ca/products/go,"Go from Tokyo Smoke is a hang-dried sativa-dominant strain with very strong THC potency and a terpene profile that includes beta-pinene, beta- and trans-caryophyllene, and terpineol, which produce floral and citrus notes, and hints of spice. Grown in a hybrid greenhouse, its dense flowers are light green with orange and gold tones. It's available pre-rolled and in various dried flower sizes.
",10.56,Sativa dominant,"Beta-Pinene,Beta-Caryophyllene,Trans-Caryophyllene,Terpineol"
38,Pink Kush,Pink Kush,https://www.ocs.ca/products/pink-kush-san-rafael-71,"San Rafael '71’s Pink Kush has very strong THC potency and a sweet aroma balanced with earthy notes, thanks to the myrcene, beta-caryophyllene and limonene in its terpene mix. This indica-dominant strain is grown, hand-trimmed and hang-dried indoors. It’s available in 1 g, 3.5 g and 7 g dried flower varieties.
",13.55,Indica dominant,"Myrcene,Beta-Caryophyllene,Beta-Pinene,Limonene"
39,,Tropical Breeze,https://www.ocs.ca/products/tropical-breeze,"Tropical Breeze from Synr.g is grown and hand-sorted in the Niagara Escarpment. It has medium THC potency and features limonene, trans-caryophyllene, alpha- and beta-pinene, and humulene in its terpene mix, which give it its skunky, sour lime, tropical fruit taste. Tropical Breeze is available pre-rolled and in three dried flower sizes.
",9.9,Indica dominant,"Alpha-Pinene,Beta-Pinene,Humulene,Limonene,Trans-Caryophyllene"
40,Great White Shark,White Shark,https://www.ocs.ca/products/white-shark-redecan,"White Shark is a sativa-dominant hybrid strain with a myrcene-rich terpene profile that delivers an earthy, musky flavour with a hint of fruit. This green-and-amber-coloured strain has strong THC potency, and is greenhouse-grown in pesticide-free natural lighting conditions, and then hang-dried, hand-trimmed, sterilized and inspected. White Shark is available in 1 g, 3.5 g, 7 g and 15 g dried flower sizes.
",10.06,Hybrid,"Myrcene,Beta-Caryophyllene,Trans-Caryophyllene,Alpha-Pinene,Limonene"
41,Wappa,Wappa,https://www.ocs.ca/products/wappa-redecan,"Wappa has large, solid flowers that taper from a broad base to a sharply pointed tip and have a strong yet sweet aroma that verges on skunkiness, both of which also come through in the caryophyllene-forward taste profile. This green-and-yellow-coloured indica-dominant strain with strong THC potency is greenhouse-grown in pesticide-free natural lighting conditions, and then hang-dried, hand-trimmed, sterilized and inspected. Wappa is available in 1 g, 3.5 g, 7 g and 15 g dried flower sizes.
",10.06,Indica dominant,"Beta-Caryophyllene,Trans-Caryophyllene,Myrcene,Alpha-Pinene,Humulene"
42,,North Star CBD,https://www.ocs.ca/products/north-star-cbd-alta-vie,"AltaVie’s North Star CBD is a sativa-dominant strain with little to minimal THC potency that is grown, hand-trimmed and hang-dried indoors. Its floral aroma comes from the alpha- and beta-pinene in its terpene mix, while the myrcene and limonene are responsible for the earth, fruit and clove notes. This strain is available in capsules (15 per bottle) and 1 g, 3.5 g and 7 g dried flower varieties.
",13.18,Sativa dominant,"Myrcene,Alpha-Pinene,Beta-Pinene,Limonene"
43,Super Silver Haze,Critical Super Silver Haze ,https://www.ocs.ca/products/critical-super-silver-haze,"Critical Super Silver Haze is a purple-coloured sativa-dominant plant that’s densely coated with trichomes and has a slightly sweet and citrusy aroma, incense and mentholated wood notes and a hint of pungent varnish. This strain is grown indoors in B.C. by Canna Farms and features a terpene mix of linalool, beta- and trans-caryophyllene, limonene and myrcene. Critical Super Silver Haze has strong THC potency and is available as a 1 g pre-roll and a 3.5 g package of dried flower.",16.15,Sativa dominant,"Beta-Caryophyllene,Limonene,Linalool,Myrcene,Trans-Caryophyllene"
44,White Widow,White Widow,https://www.ocs.ca/products/white-widow-2,"White Widow from Redecan has chunky, conical, tapered buds with a loose and fluffy texture. It has a fairly balanced 60:40 ratio of sativa to indica, and its limonene terpenes produce a citrusy, peppery scent accompanied by a slight lemon aftertaste. This green-and-white-coloured strain with strong THC potency is greenhouse-grown in pesticide-free natural lighting conditions, and then hang-dried, hand-trimmed, sterilized and inspected. White Widow is available in 1 g, 3.5 g, 7 g and 15 g dried flower sizes.",9.58,Hybrid,"Beta-Caryophyllene,Myrcene,Trans-Caryophyllene,Guaiol,Limonene"
45,GSC,GSC,https://www.ocs.ca/products/gsc,"GSC is grown indoors in B.C. by Canna Farms. It’s an indica-dominant hybrid of OG Kush and Durban Poison, with very strong THC potency and a terpene mix of limonene, beta- and trans-caryophyllene, alpha-pinene and linalool. It’s available as a 1 g pre-roll and a 3.5 g package of dried flower.",16.15,Indica dominant,"Limonene,Alpha-Pinene,Beta-Caryophyllene,Linalool,Trans-Caryophyllene"
46,Shishkaberry,Shishkaberry,https://www.ocs.ca/products/shishkaberry-redecan,"Shiskaberry from Redecan is an indica-dominant strain with dense, spade-shaped dark olive green nugs, minty green leaves and furry dark amber hairs with a thick, frosty coating of white trichomes. Greenhouse-grown in the Niagara region, this strain’s sweet, earthy-fresh aroma is a product of the beta- and trans-caryophyllene, myrcene, limonene and humulene in its terpene profile. It has medium THC potency and is available as 1 g, 3.5 g, 7 g and 15 g packages of dried flower.
",8.79,Indica dominant,"Beta-Caryophyllene,Myrcene,Trans-Caryophyllene,Humulene,Limonene"
47,Palm Tree CBD,Palm Tree CBD,https://www.ocs.ca/products/palm-tree,"Palm Tree CBD from LBS is an indica-dominant strain with dense lime-coloured buds, purplish highlights and bright orange pistils that resemble the Hashplant strain. Grown in an indoor greenhouse, it has a terpene mix that includes alpha-pinene, eudesmols, guaiol and myrcene. It has mild THC potency and is available in various dried flower weights.
",11.26,Indica dominant,"Alpha-Pinene,Eudesmols,Guaiol,Myrcene,TrimethylPentanediol"
48,Shishkaberry,Shishkaberry,https://www.ocs.ca/products/shishkaberry,"Vertical hand-trims and hang-dries its purple and green Shishkaberry. This indoor-grown indica-dominant strain’s terpene profile (beta-pinene, beta-caryophyllene and nerolidol) gives it a fruity berry aroma. It has medium THC potency and is available in 1 g, 3.5 g and 7 g dried flower sizes.
",11.07,Indica dominant,"Beta-Pinene,Beta-Caryophyllene,Trans-Caryophyllene,Nerolidol"
49,Blueberry Kush,No. 402 Blueberry Kush,https://www.ocs.ca/products/no-402-blueberry-kush-haven-st,"Haven St. grows and harvests its indica-dominant No. 402 Blueberry Kush indoors as an irradiated whole flower, then hand-trims and hang-dries the green and purple buds. Its myrcene-forward terpene profile gives it earthy floral notes and a sweet berry aroma. This strain has a medium to high THC potency and comes in a variety of dried flower and pre-rolled formats.",11.52,Indica dominant,"Alpha-Pinene,Beta-Caryophyllene,Beta-Myrcene,Beta-Pinene,Limonene"
50,Hash Plant,Lola Montes,https://www.ocs.ca/products/lola-montes-edison,"Lola Montes, from Edison, is an indica-dominant strain with very strong THC potency. This strain produces flowers with a tight, dense structure and a two-tone emerald hue, and its terpene profile includes beta-caryophyllene, guaiol, myrcene, bisabolol and humulene. All Organigram products are individually packaged with Integra Boost technology, which preserves freshness and controls relative humidity levels, therefore extending the products’ shelf life.",9.96,Indica dominant,"Beta-Caryophyllene,Guaiol,Myrcene,Bisabolol,Humulene"
51,La Blanca Gold,Casablanca Reserve,https://www.ocs.ca/products/casa-blanca-reserve,"Indica-dominant Casablanca Reserve from Edison is an indoor-grown hand-trimmed and craft-cured strain. It features forest green flowers with hints of orange, tightly woven buds and an earthy, fresh aroma from the alpha-pinene and myrcene in its terpene mix. It has strong THC potency and is available as 7 g of dried flower. All Organigram products are individually packaged with Integra Boost technology, which preserves freshness and controls relative humidity levels, therefore extending the products’ shelf life.",13.68,Indica dominant,"Myrcene,Beta-Caryophyllene,Limonene,Trans-Caryophyllene,Alpha-Pinene"
52,Lemon Skunk,Lemon Skunk,https://www.ocs.ca/products/lemon-skunk,"Lemon Skunk is a greenhouse-grown hybrid strain with medium THC potency. The plant’s buds are light green with thick orange hairs, and its terpene profile is rich in bergamotene, terpinolene and caryophyllene, which give it a black pepper scent and hints of citrus. Lemon Skunk is available in four dried flower weights, and 10 mg and 2.5 mg capsules.
",12.62,Hybrid,"Bergamotene,Beta-Pinene,Para-Cymenene,Terpinolene,Trans-Caryophyllene"
53,Hash Plant,Lola Montes Reserve,https://www.ocs.ca/products/lola-montes-reserve,"Lola Montes Reserve, from Edison, is a strain with very strong THC potency. Its terpene profile includes beta-caryophyllene, guaiol, myrcene, bisabolol and humulene. All Organigram products are individually packaged with Integra Boost technology, which preserves freshness and controls relative humidity levels, therefore extending the products’ shelf life.",13.68,Indica dominant,"Beta-Caryophyllene,Guaiol,Myrcene,Bisabolol,Humulene"
54,Sensi Star,BC Sensi Star,https://www.ocs.ca/products/bc-sensi-star,"BC Sensi Star from Flowr is an indoor-grown indica-dominant strain from the Okanagan Valley, B.C., with a green-and-rust mossy appearance. Its terpene profile combines beta- and trans-caryophyllene, limonene and humulene to create a unique and pungent aroma and citrusy, earthy flavours that sometimes seem sweet. This hand-trimmed, hang-dried strain has strong THC potency and is available as 3.5 g and 7 g of dried flower.",12.38,Indica dominant,"Beta-Caryophyllene,Trans-Caryophyllene,Limonene,Humulene,Guaiol"
55,Chocolope,Chocolope,https://www.ocs.ca/products/chocolope-whistler-cannabis,"Chocolope from Whistler Cannabis Co. is a sativa-dominant strain with strong THC potency potential, grown indoors in British Columbia under LED lighting. Its main terpene is terpinolene (also found in apples, cumin, lilac, tea tree oil and conifers), and it's available in a 3.5 g package.",22.66,Sativa dominant,Terpinolene
56,Shishkaberry,Shishkaberry,https://www.ocs.ca/products/shishkaberry-2,"Shishkaberry from Seven Oaks is an indica-dominant hybrid. Grown indoors, its green and purple buds have medium THC potency and a fruity, berry-like aroma from its myrcene, caryophyllene and alpha-pinene terpene profile. It’s available pre-rolled, and in 1 g and 3.5 g dried flower sizes.
",10.06,Hybrid,"Beta-Caryophyllene,Trans-Caryophyllene,Humulene,Myrcene,Alpha-Pinene"
57,,Polar Kish,https://www.ocs.ca/products/polar-kish,"Polar Kish is an indica-dominant hybrid with a fruity berry aroma and taste. With very strong THC potency, its buds are shades of purple. It’s 100% hydroponic, hand-trimmed and hang-dried indoors. Its terpene profile includes beta- and trans-caryophyllene, nerolidol, guaiol and limonene, and it's available in 3.5 g, 7 g and 15 g dried flower weights.",9.4,Indica dominant,"Beta-Caryophyllene,Humulene,Limonene,Myrcene,Ocimene"
58,Tangerine Dream,Tangerine Dream ,https://www.ocs.ca/products/tangerine-dream-1,"Tangerine Dream from Canna Farms is a hybrid strain with very strong THC potency. It’s a combination of G13 and Neville’s A5 Haze, with a citrusy fruit smell created by the myrcene, beta- and trans-caryophyllene, limonene and guaiol combination in its terpene profile. It’s grown indoors in B.C. and available as a 1 g pre-roll and a 3.5 g package of dried flower.",16.15,Hybrid,"Myrcene,Beta-Caryophyllene,Limonene,Trans-Caryophyllene,Guaiol"
59,Blue Dream,Blue Dream,https://www.ocs.ca/products/blue-dream-canna-farms,"Mango and citrus notes express themselves loudly and bring a sweet overtone to Blue Dream's earthy, spicy aroma. This indoor-grown, sativa-dominant strain has a myrcene-rich terpene profile, and the reported effects (by Canna Farms) include happiness, energy, uplift, euphoria and creativity. Blue Dream's buds are green and orange, and have high THC potency. The strain is available both pre-rolled and in 3.5g dried flower packages.",16.15,Sativa dominant,"Myrcene,Alpha-Pinene,Beta-Caryophyllene,Trans-Caryophyllene,Bisabolol"
60,Pink Kush,Pink Kush  ,https://www.ocs.ca/products/pink-kush-1,"Canna Farms' Pink Kush is an indica-dominant indoor-grown strain from B.C. This purple-coloured plant has a floral, citrusy and peppery taste and flowers densely coated with trichomes. It has very strong THC potency and a terpene profile consisting of beta- and trans-caryophyllene, limonene, linalool and humulene. This Pink Kush is available as a 1 g pre-roll and a 3.5 g package of dried flower.",16.15,Indica dominant,"Beta-Caryophyllene,Trans-Caryophyllene,Limonene,Humulene,Linalool"
61,Hash Plant,Hash Plant,https://www.ocs.ca/products/hash-plant-emerald,"Hash Plant is a greenhouse-grown indica with a spicy-sharp bite of smouldering trichomes. This strain has very strong THC potency, and its terpenes include caryophyllene, myrcene, guaiol and bisabolol. It’s available as dried flower in 1 g and 3.5 g weights, or in pre-roll format.",10.22,Indica dominant,"Beta-Caryophyllene,Trans-Caryophyllene,Myrcene,Guaiol,Bisabolol"
62,Wabanaki,Rio Bravo Reserve,https://www.ocs.ca/products/rio-bravo-reserve-2,"Sativa-dominant Rio Bravo Reserve from Edison is an indoor-grown hand-trimmed and craft-cured strain. It features compact flowers laced with bright crimson pistils and woodsy, spicy, sweet aromas from the terpinolene and myrcene in its terpene mix. It has very strong THC potency and is available as 7 g of dried flower.",13.68,Sativa dominant,"Terpinolene,Myrcene,Alpha-Pinene,Trans-Caryophyllene,Beta-Pinene"
63,,Quadra,https://www.ocs.ca/products/quadra,"Quadra has frosty purple flowers and a funky Kush flavour with notes of mandarin zest, and its terpene mix includes beta- and trans-caryophyllene, limonene, terpineol and myrcene. This purple and white strain is hand-trimmed and hand-sorted, and has strong THC potency. It comes in 1 g, 3.5 g and 7 g dried flower sizes.
",14.4,Indica dominant,"Beta-Caryophyllene,Trans-Caryophyllene,Limonene,Terpineol,Myrcene"
64,,Temple,https://www.ocs.ca/products/temple,"Temple has a slight earthy odour and a mild, sweet, vaguely citrusy flavour. This hybrid strain has little to minimal THC potency and features a terpene mix that includes myrcene, beta-caryophyllene, guaiol and alpha-pinene. It’s grown, machine-trimmed and hand-inspected in a hybrid greenhouse, free from pesticides and gamma irradiation, and is available in 3.5 g and 7 g dried flower varieties.
",11.42,Hybrid,"Myrcene,Alpha-Pinene,Beta-Caryophyllene,Guaiol,Trans-Caryophyllene"
65,Blueberry,Blueberry,https://www.ocs.ca/products/blueberry-canaca,"Greenhouse-grown, Blueberry by Canaca is an indica strain with very strong THC potency. This green, orange and purple bud has alpha-pinene, myrcene and trans-caryophyllene terpenes, delivering sweet and fruity flavour notes. Blueberry is available in 3.5 g, 7 g and 15 g dried flower varieties and a three-pack of 0.5 g pre-rolls.",9.75,Indica dominant,"Alpha-Pinene,Myrcene,Trans-Caryophyllene"
66,,Rise,https://www.ocs.ca/products/rise-2,"Rise, by Toronto-native brand Tokyo Smoke, is a sativa-dominant hybrid which offers medium THC potency with little to no CBD content. The strain features a fresh herbaceous bouquet with sharp notes of pine derived from its main terpenes, Limonene and Linalool.",10.56,Sativa dominant,"Limonene,Linalool"
67,,CBD Shark,https://www.ocs.ca/products/cbd-shark,"CBD Shark from Whistler Cannabis Co. is an indica-dominant strain with mild THC potency potential and medium CBD levels that’s grown indoors in British Columbia under LED lighting. Its main terpene is myrcene (also found in mango, lemon grass, hops and thyme). CBD Shark is available in 3.5 g dried flower.",22.66,Indica dominant,Myrcene
68,Warlock,No. 302 Warlock,https://www.ocs.ca/products/no-302-warlock,"No. 302 Warlock is a hybrid grown indoors in Mississauga, Ont., by Haven St., with a 1:1 ratio of THC to CBD and a mixture of flowery, earthy and sweet aromas. Its terpene mix includes limonene (also found in citrus fruits and juniper), myrcene (also in mango, lemon grass, hops and thyme) and caryophyllene (black pepper, cloves and balsam) and has medium THC potency potential. No. 302 Warlock is hang-dried and hand-trimmed to maintain quality and comes in 1 g and 3.5 g of dried flower.",11.95,Hybrid,"Beta-Caryophyllene,Beta-Myrcene,Delta-Limonene,Guaiol"
69,,No. 405 Kaleidoscope,https://www.ocs.ca/products/no-405-kaleidoscope,"No. 405 Kaleidoscope is an indica-dominant strain grown indoors in Mississauga, Ont., by Haven St., with very strong THC potency and a complex aroma of sweet, earthy and diesel scents. Its terpene mix includes limonene (also found in citrus fruits and juniper), myrcene (also in mango, lemon grass, hops and thyme) and caryophyllene (in black pepper, cloves and balsam). No. 405 Kaleidoscope is hang-dried and hand-trimmed to maintain quality and comes in 1 g and 3.5 g of dried flower.",11.95,Indica dominant,"Beta-Caryophyllene,Beta-Myrcene,Delta-Limonene,Linalool"
70,Sour Jack,Sour Jack,https://www.ocs.ca/products/sour-jack-whistler-cannabis,"Sour Jack from Whistler Cannabis Co. is a sativa-dominant strain with very strong THC potency potential that’s grown indoors in British Columbia under LED lighting. Its main terpene is myrcene (also found in mango, lemon grass, hops and thyme). Sour Jack is available in 3.5 g of dried flower.",22.66,Sativa dominant,Myrcene